0,13;Joules;power/energy-cores/;24390668;100,00;;
0,16;Joules;power/energy-pkg/;24389104;100,00;;
10000000;;system_time;12;100,00;;
30000000;;user_time;12;100,00;;
27872216;;duration_time;1;100,00;;
0,12;Joules;power/energy-cores/;25079453;100,00;;
0,15;Joules;power/energy-pkg/;25078073;100,00;;
0;;system_time;12;100,00;;
10000000;;user_time;12;100,00;;
28749101;;duration_time;1;100,00;;
0,10;Joules;power/energy-cores/;25159200;100,00;;
0,14;Joules;power/energy-pkg/;25157621;100,00;;
10000000;;system_time;12;100,00;;
20000000;;user_time;12;100,00;;
28272209;;duration_time;1;100,00;;
0,13;Joules;power/energy-cores/;22384485;100,00;;
0,16;Joules;power/energy-pkg/;22382675;100,00;;
0;;system_time;12;100,00;;
20000000;;user_time;12;100,00;;
25868607;;duration_time;1;100,00;;
0,09;Joules;power/energy-cores/;26743230;100,00;;
0,13;Joules;power/energy-pkg/;26741759;100,00;;
0;;system_time;12;100,00;;
30000000;;user_time;12;100,00;;
30042030;;duration_time;1;100,00;;
0,09;Joules;power/energy-cores/;28126783;100,00;;
0,13;Joules;power/energy-pkg/;28125252;100,00;;
0;;system_time;12;100,00;;
30000000;;user_time;12;100,00;;
31417770;;duration_time;1;100,00;;
0,11;Joules;power/energy-cores/;25323614;100,00;;
0,15;Joules;power/energy-pkg/;25321910;100,00;;
0;;system_time;12;100,00;;
20000000;;user_time;12;100,00;;
28744751;;duration_time;1;100,00;;
0,11;Joules;power/energy-cores/;25454607;100,00;;
0,14;Joules;power/energy-pkg/;25452658;100,00;;
20000000;;system_time;12;100,00;;
30000000;;user_time;12;100,00;;
28789507;;duration_time;1;100,00;;
0,09;Joules;power/energy-cores/;27336816;100,00;;
0,14;Joules;power/energy-pkg/;27334314;100,00;;
20000000;;system_time;12;100,00;;
30000000;;user_time;12;100,00;;
30725465;;duration_time;1;100,00;;
0,13;Joules;power/energy-cores/;22818132;100,00;;
0,16;Joules;power/energy-pkg/;22815786;100,00;;
0;;system_time;12;100,00;;
20000000;;user_time;12;100,00;;
26396605;;duration_time;1;100,00;;
