822,11;Joules;power/energy-cores/;76106505116;100,00;;
913,62;Joules;power/energy-pkg/;76106504446;100,00;;
50000000;;system_time;12;100,00;;
76060000000;;user_time;12;100,00;;
76110450284;;duration_time;1;100,00;;
826,80;Joules;power/energy-cores/;76590823560;100,00;;
919,32;Joules;power/energy-pkg/;76590817653;100,00;;
60000000;;system_time;12;100,00;;
76520000000;;user_time;12;100,00;;
76594320647;;duration_time;1;100,00;;
823,41;Joules;power/energy-cores/;76498269825;100,00;;
918,29;Joules;power/energy-pkg/;76498268347;100,00;;
50000000;;system_time;12;100,00;;
76420000000;;user_time;12;100,00;;
76502053368;;duration_time;1;100,00;;
835,71;Joules;power/energy-cores/;77374031108;100,00;;
928,74;Joules;power/energy-pkg/;77374030167;100,00;;
70000000;;system_time;12;100,00;;
77310000000;;user_time;12;100,00;;
77377719711;;duration_time;1;100,00;;
845,88;Joules;power/energy-cores/;78587969152;100,00;;
943,46;Joules;power/energy-pkg/;78587967355;100,00;;
50000000;;system_time;12;100,00;;
78540000000;;user_time;12;100,00;;
78591855110;;duration_time;1;100,00;;
824,65;Joules;power/energy-cores/;76315940228;100,00;;
916,04;Joules;power/energy-pkg/;76315938439;100,00;;
40000000;;system_time;12;100,00;;
76230000000;;user_time;12;100,00;;
76319574935;;duration_time;1;100,00;;
881,41;Joules;power/energy-cores/;81575800464;100,00;;
979,22;Joules;power/energy-pkg/;81575798899;100,00;;
70000000;;system_time;12;100,00;;
81510000000;;user_time;12;100,00;;
81579198591;;duration_time;1;100,00;;
830,61;Joules;power/energy-cores/;76872635404;100,00;;
922,75;Joules;power/energy-pkg/;76872634278;100,00;;
70000000;;system_time;12;100,00;;
76820000000;;user_time;12;100,00;;
76876431466;;duration_time;1;100,00;;
819,69;Joules;power/energy-cores/;75861258724;100,00;;
910,53;Joules;power/energy-pkg/;75861241021;100,00;;
70000000;;system_time;12;100,00;;
75780000000;;user_time;12;100,00;;
75864946279;;duration_time;1;100,00;;
863,18;Joules;power/energy-cores/;80223303905;100,00;;
962,98;Joules;power/energy-pkg/;80223301803;100,00;;
50000000;;system_time;12;100,00;;
80180000000;;user_time;12;100,00;;
80226617749;;duration_time;1;100,00;;
832,81;Joules;power/energy-cores/;77554133762;100,00;;
931,16;Joules;power/energy-pkg/;77554117059;100,00;;
810000000;;system_time;12;100,00;;
77820000000;;user_time;12;100,00;;
77557644866;;duration_time;1;100,00;;
819,46;Joules;power/energy-cores/;75875561178;100,00;;
910,96;Joules;power/energy-pkg/;75875560316;100,00;;
770000000;;system_time;12;100,00;;
76150000000;;user_time;12;100,00;;
75879194883;;duration_time;1;100,00;;
840,82;Joules;power/energy-cores/;78010961334;100,00;;
936,72;Joules;power/energy-pkg/;78010955003;100,00;;
830000000;;system_time;12;100,00;;
78300000000;;user_time;12;100,00;;
78015260140;;duration_time;1;100,00;;
851,57;Joules;power/energy-cores/;78835272389;100,00;;
946,90;Joules;power/energy-pkg/;78835271764;100,00;;
830000000;;system_time;12;100,00;;
79220000000;;user_time;12;100,00;;
78838899430;;duration_time;1;100,00;;
818,78;Joules;power/energy-cores/;75823932324;100,00;;
910,17;Joules;power/energy-pkg/;75823932247;100,00;;
810000000;;system_time;12;100,00;;
76070000000;;user_time;12;100,00;;
75827206192;;duration_time;1;100,00;;
828,78;Joules;power/energy-cores/;76780231727;100,00;;
921,87;Joules;power/energy-pkg/;76780230634;100,00;;
800000000;;system_time;12;100,00;;
77060000000;;user_time;12;100,00;;
76784005644;;duration_time;1;100,00;;
831,13;Joules;power/energy-cores/;77125120984;100,00;;
925,92;Joules;power/energy-pkg/;77125119882;100,00;;
820000000;;system_time;12;100,00;;
77370000000;;user_time;12;100,00;;
77129165486;;duration_time;1;100,00;;
822,22;Joules;power/energy-cores/;76162361428;100,00;;
914,50;Joules;power/energy-pkg/;76162360050;100,00;;
760000000;;system_time;12;100,00;;
76380000000;;user_time;12;100,00;;
76165855576;;duration_time;1;100,00;;
819,71;Joules;power/energy-cores/;75997956828;100,00;;
912,66;Joules;power/energy-pkg/;75997941299;100,00;;
860000000;;system_time;12;100,00;;
76360000000;;user_time;12;100,00;;
76001431582;;duration_time;1;100,00;;
820,61;Joules;power/energy-cores/;76059759274;100,00;;
913,21;Joules;power/energy-pkg/;76059758596;100,00;;
780000000;;system_time;12;100,00;;
76320000000;;user_time;12;100,00;;
76063641290;;duration_time;1;100,00;;
