114,23;Joules;power/energy-cores/;9207873812;100,00;;
125,41;Joules;power/energy-pkg/;9207869033;100,00;;
300000000;;system_time;12;100,00;;
8950000000;;user_time;12;100,00;;
9216001046;;duration_time;1;100,00;;
116,09;Joules;power/energy-cores/;9417986057;100,00;;
127,48;Joules;power/energy-pkg/;9417983604;100,00;;
260000000;;system_time;12;100,00;;
9170000000;;user_time;12;100,00;;
9424492944;;duration_time;1;100,00;;
115,40;Joules;power/energy-cores/;9288366384;100,00;;
126,71;Joules;power/energy-pkg/;9288362751;100,00;;
320000000;;system_time;12;100,00;;
9000000000;;user_time;12;100,00;;
9294309550;;duration_time;1;100,00;;
116,03;Joules;power/energy-cores/;9397488944;100,00;;
127,34;Joules;power/energy-pkg/;9397467693;100,00;;
330000000;;system_time;12;100,00;;
9180000000;;user_time;12;100,00;;
9402585485;;duration_time;1;100,00;;
126,40;Joules;power/energy-cores/;10899649568;100,00;;
139,53;Joules;power/energy-pkg/;10899649485;100,00;;
210000000;;system_time;12;100,00;;
10690000000;;user_time;12;100,00;;
10906333219;;duration_time;1;100,00;;
110,96;Joules;power/energy-cores/;10380639900;100,00;;
123,51;Joules;power/energy-pkg/;10380635798;100,00;;
270000000;;system_time;12;100,00;;
10150000000;;user_time;12;100,00;;
10387375888;;duration_time;1;100,00;;
102,75;Joules;power/energy-cores/;9608734637;100,00;;
114,95;Joules;power/energy-pkg/;9608733770;100,00;;
230000000;;system_time;12;100,00;;
9380000000;;user_time;12;100,00;;
9616793355;;duration_time;1;100,00;;
101,90;Joules;power/energy-cores/;9465237492;100,00;;
113,40;Joules;power/energy-pkg/;9465234258;100,00;;
270000000;;system_time;12;100,00;;
9200000000;;user_time;12;100,00;;
9470348500;;duration_time;1;100,00;;
110,08;Joules;power/energy-cores/;10231975358;100,00;;
122,74;Joules;power/energy-pkg/;10231974041;100,00;;
240000000;;system_time;12;100,00;;
10000000000;;user_time;12;100,00;;
10238757620;;duration_time;1;100,00;;
107,45;Joules;power/energy-cores/;9974794293;100,00;;
119,57;Joules;power/energy-pkg/;9974788482;100,00;;
260000000;;system_time;12;100,00;;
9720000000;;user_time;12;100,00;;
9981948749;;duration_time;1;100,00;;
