1688,40;Joules;power/energy-cores/;156553181597;100,00;;
1879,04;Joules;power/energy-pkg/;156553179118;100,00;;
170000000;;system_time;12;100,00;;
156460000000;;user_time;12;100,00;;
156557182691;;duration_time;1;100,00;;
1628,45;Joules;power/energy-cores/;150589359806;100,00;;
1807,48;Joules;power/energy-pkg/;150589357770;100,00;;
140000000;;system_time;12;100,00;;
150500000000;;user_time;12;100,00;;
150593357585;;duration_time;1;100,00;;
1635,10;Joules;power/energy-cores/;151383476161;100,00;;
1816,60;Joules;power/energy-pkg/;151383474968;100,00;;
200000000;;system_time;12;100,00;;
151350000000;;user_time;12;100,00;;
151386817518;;duration_time;1;100,00;;
1563,92;Joules;power/energy-cores/;144799130428;100,00;;
1737,88;Joules;power/energy-pkg/;144799127511;100,00;;
160000000;;system_time;12;100,00;;
144730000000;;user_time;12;100,00;;
144803198173;;duration_time;1;100,00;;
1624,67;Joules;power/energy-cores/;150400314093;100,00;;
1805,13;Joules;power/energy-pkg/;150400309169;100,00;;
170000000;;system_time;12;100,00;;
150330000000;;user_time;12;100,00;;
150404217586;;duration_time;1;100,00;;
1563,74;Joules;power/energy-cores/;144768498131;100,00;;
1737,55;Joules;power/energy-pkg/;144768497334;100,00;;
150000000;;system_time;12;100,00;;
144690000000;;user_time;12;100,00;;
144772725607;;duration_time;1;100,00;;
1693,77;Joules;power/energy-cores/;156778226232;100,00;;
1881,76;Joules;power/energy-pkg/;156778217972;100,00;;
200000000;;system_time;12;100,00;;
156700000000;;user_time;12;100,00;;
156782449875;;duration_time;1;100,00;;
1658,17;Joules;power/energy-cores/;153512101497;100,00;;
1842,44;Joules;power/energy-pkg/;153512099825;100,00;;
170000000;;system_time;12;100,00;;
153430000000;;user_time;12;100,00;;
153516072923;;duration_time;1;100,00;;
1687,38;Joules;power/energy-cores/;156201769252;100,00;;
1874,65;Joules;power/energy-pkg/;156201772528;100,00;;
170000000;;system_time;12;100,00;;
156090000000;;user_time;12;100,00;;
156205902091;;duration_time;1;100,00;;
1581,42;Joules;power/energy-cores/;146410022099;100,00;;
1757,26;Joules;power/energy-pkg/;146410019805;100,00;;
150000000;;system_time;12;100,00;;
146330000000;;user_time;12;100,00;;
146414030686;;duration_time;1;100,00;;
