708,57;Joules;power/energy-cores/;65969792827;100,00;;
792,01;Joules;power/energy-pkg/;65969792402;100,00;;
70000000;;system_time;12;100,00;;
65910000000;;user_time;12;100,00;;
65973469947;;duration_time;1;100,00;;
772,52;Joules;power/energy-cores/;71501905843;100,00;;
858,28;Joules;power/energy-pkg/;71501888743;100,00;;
80000000;;system_time;12;100,00;;
71460000000;;user_time;12;100,00;;
71505537185;;duration_time;1;100,00;;
820,77;Joules;power/energy-cores/;75977784057;100,00;;
912,01;Joules;power/energy-pkg/;75977781865;100,00;;
100000000;;system_time;12;100,00;;
75940000000;;user_time;12;100,00;;
75981485987;;duration_time;1;100,00;;
743,79;Joules;power/energy-cores/;68782759325;100,00;;
825,79;Joules;power/energy-pkg/;68782756432;100,00;;
90000000;;system_time;12;100,00;;
68740000000;;user_time;12;100,00;;
68786719764;;duration_time;1;100,00;;
712,08;Joules;power/energy-cores/;65900974969;100,00;;
791,18;Joules;power/energy-pkg/;65900974182;100,00;;
160000000;;system_time;12;100,00;;
65960000000;;user_time;12;100,00;;
65904460285;;duration_time;1;100,00;;
739,69;Joules;power/energy-cores/;68485239175;100,00;;
822,16;Joules;power/energy-pkg/;68485237032;100,00;;
30000000;;system_time;12;100,00;;
68460000000;;user_time;12;100,00;;
68489146879;;duration_time;1;100,00;;
790,60;Joules;power/energy-cores/;73144189851;100,00;;
878,04;Joules;power/energy-pkg/;73144173524;100,00;;
70000000;;system_time;12;100,00;;
73120000000;;user_time;12;100,00;;
73147806637;;duration_time;1;100,00;;
730,68;Joules;power/energy-cores/;67625069696;100,00;;
811,60;Joules;power/energy-pkg/;67625068635;100,00;;
60000000;;system_time;12;100,00;;
67590000000;;user_time;12;100,00;;
67628748836;;duration_time;1;100,00;;
743,08;Joules;power/energy-cores/;68741517309;100,00;;
825,28;Joules;power/energy-pkg/;68741515806;100,00;;
90000000;;system_time;12;100,00;;
68700000000;;user_time;12;100,00;;
68744967264;;duration_time;1;100,00;;
741,61;Joules;power/energy-cores/;68625820181;100,00;;
823,84;Joules;power/energy-pkg/;68625806527;100,00;;
60000000;;system_time;12;100,00;;
68590000000;;user_time;12;100,00;;
68629620412;;duration_time;1;100,00;;
