63,27;Joules;power/energy-cores/;5257550769;100,00;;
69,29;Joules;power/energy-pkg/;5257533229;100,00;;
0;;system_time;12;100,00;;
5270000000;;user_time;12;100,00;;
5261190827;;duration_time;1;100,00;;
66,58;Joules;power/energy-cores/;5485133468;100,00;;
72,98;Joules;power/energy-pkg/;5485125749;100,00;;
30000000;;system_time;12;100,00;;
5460000000;;user_time;12;100,00;;
5488538652;;duration_time;1;100,00;;
82,83;Joules;power/energy-cores/;6860238488;100,00;;
90,88;Joules;power/energy-pkg/;6860234702;100,00;;
40000000;;system_time;12;100,00;;
6860000000;;user_time;12;100,00;;
6864038614;;duration_time;1;100,00;;
64,15;Joules;power/energy-cores/;5187459079;100,00;;
70,23;Joules;power/energy-pkg/;5187457674;100,00;;
20000000;;system_time;12;100,00;;
5170000000;;user_time;12;100,00;;
5190641634;;duration_time;1;100,00;;
65,46;Joules;power/energy-cores/;5268450511;100,00;;
71,98;Joules;power/energy-pkg/;5268449045;100,00;;
0;;system_time;12;100,00;;
5290000000;;user_time;12;100,00;;
5271721362;;duration_time;1;100,00;;
64,59;Joules;power/energy-cores/;5182168304;100,00;;
70,76;Joules;power/energy-pkg/;5182166738;100,00;;
10000000;;system_time;12;100,00;;
5180000000;;user_time;12;100,00;;
5185665593;;duration_time;1;100,00;;
65,22;Joules;power/energy-cores/;5257960615;100,00;;
71,47;Joules;power/energy-pkg/;5257958762;100,00;;
10000000;;system_time;12;100,00;;
5260000000;;user_time;12;100,00;;
5261525830;;duration_time;1;100,00;;
64,95;Joules;power/energy-cores/;5246664131;100,00;;
71,57;Joules;power/energy-pkg/;5246662582;100,00;;
0;;system_time;12;100,00;;
5240000000;;user_time;12;100,00;;
5250186709;;duration_time;1;100,00;;
65,02;Joules;power/energy-cores/;5261903808;100,00;;
71,28;Joules;power/energy-pkg/;5261901798;100,00;;
20000000;;system_time;12;100,00;;
5260000000;;user_time;12;100,00;;
5265150355;;duration_time;1;100,00;;
64,42;Joules;power/energy-cores/;5188963091;100,00;;
70,62;Joules;power/energy-pkg/;5188961344;100,00;;
20000000;;system_time;12;100,00;;
5170000000;;user_time;12;100,00;;
5192221606;;duration_time;1;100,00;;
