duration_time;power/energy-cores/;power/energy-pkg/;system_time;user_time;entrada do experimento;potência;cpu time
148,238;1601,840;1779,330;0,080;148,140;50000;12,003;148,22
142,134;1535,940;1705,750;0,100;142,030;50000;12,001;142,13
139,206;1504,170;1670,770;0,090;139,090;50000;12,002;139,18
141,529;1528,840;1698,610;0,090;141,410;50000;12,002;141,5
139,017;1502,120;1668,480;0,090;138,890;50000;12,002;138,98
139,108;1502,940;1669,540;0,070;139,010;50000;12,002;139,08
139,174;1503,450;1670,320;0,090;139,080;50000;12,002;139,17
146,839;1586,280;1762,350;0,080;146,720;50000;12,002;146,8
141,779;1531,660;1701,630;0,070;141,650;50000;12,002;141,72
139,376;1504,950;1672,740;0,100;139,280;50000;12,002;139,38
